s,d,w
171,189,0.5
171,169,15
171,165,37
171,132,0.5
171,224,0.5
171,220,0.5
171,164,16
171,163,5
171,125,13
171,161,1
171,162,13
171,137,0.5
171,166,0.5
171,79,1.5
171,34,0.5
171,152,8
171,151,61
171,93,0.5
171,150,1.5
171,149,6
171,177,3
171,193,0.5
171,173,15
171,172,9
171,207,0.5
171,103,0.5
171,155,0.5
171,99,2
171,229,1.5
171,170,3
171,232,0.5
171,56,0.5
171,7,0.5
171,118,0.5
171,84,1
171,91,1.5
171,133,0.5
171,190,0.5
171,160,5
171,187,1
171,153,3
171,154,23
171,158,8
171,159,9
171,156,4
167,168,3
167,169,1
167,163,0.5
167,196,0.5
167,162,0.5
167,197,9
167,55,0.5
167,21,0.5
167,56,3
167,177,0.5
167,174,6
167,33,2
167,116,2.5
167,57,7
167,58,1.5
167,123,1.5
167,189,11.5
167,188,5
167,190,12
167,59,10.5
167,99,1
167,98,1
167,27,2
167,26,0.5
167,30,0.5
167,206,2
167,124,0.5
167,128,7
167,130,7
167,203,0.5
167,204,3.5
167,44,1
167,193,143
167,9,3
167,6,0.5
167,198,11
167,194,22.5
167,132,6
167,133,1
167,131,5
167,10,0.5
167,49,1.5
167,48,1.5
167,51,0.5
167,228,23
167,85,0.5
167,140,61
167,1,1.5
167,136,1
167,135,1
167,137,2.5
167,139,51
167,71,2.5
167,37,1
167,34,0.5
167,24,0.5
167,210,1
167,229,0.5
167,230,0.5
167,233,0.5
167,16,0.5
167,146,3
167,14,1
167,15,0.5
167,145,3.5
167,40,0.5
167,17,1
167,142,13
167,199,0.5
167,221,2.5
167,219,0.5
167,185,1
167,114,0.5
167,22,0.5
167,12,1
167,60,1
167,62,0.5
167,149,1
167,115,1
167,64,8.5
167,155,3
167,215,1.5
167,180,0.5
167,179,26
167,178,3
167,76,0.5
167,184,1
167,69,3
167,68,1
167,108,0.5
167,66,1.5
167,65,0.5
167,159,1.5
167,157,0.5
168,169,0.5
168,131,1
168,227,0.5
168,228,2
168,226,1
168,126,0.5
168,128,4
168,136,0.5
168,130,30
168,187,0.5
168,139,2
168,193,7
168,64,2.5
168,142,3
168,140,2
168,162,0.5
168,174,3
168,73,4.5
168,210,0.5
168,229,0.5
168,206,76
168,232,0.5
168,56,1
168,57,0.5
168,89,0.5
168,179,7
168,178,1
168,198,3
168,59,0.5
168,121,5
168,132,2
168,188,44
168,184,6
168,190,1
168,146,15
168,123,0.5
168,155,3
168,145,1.5
168,197,4
168,156,0.5
168,67,0.5
169,72,0.5
169,170,17
169,26,0.5
169,163,6
169,220,0.5
169,164,15
169,140,0.5
169,125,9
169,192,0.5
169,161,3
169,162,16
169,159,9
169,187,0.5
169,114,1.5
169,152,21
169,151,44
169,150,4
169,149,23
169,102,1.5
169,177,21
169,193,0.5
169,173,12
169,172,6
169,175,17
169,131,0.5
169,217,1
169,230,0.5
169,232,0.5
169,56,1
169,83,1
169,178,0.5
169,122,0.5
169,158,8
169,6,0.5
169,184,0.5
169,142,0.5
169,160,28
169,68,0.5
169,24,0.5
169,66,0.5
169,153,4
169,154,75
169,17,1
169,165,2
169,156,8
169,67,0.5
170,79,1.5
170,236,0.5
170,60,0.5
170,163,9
170,221,0.5
170,164,45
170,126,0.5
170,86,0.5
170,195,0.5
170,161,3
170,162,46
170,136,0.5
170,81,0.5
170,137,7
170,165,6
170,113,0.5
170,114,21
170,34,0.5
170,112,0.5
170,152,84
170,173,17
170,151,14
170,104,16
170,134,0.5
170,150,1.5
170,149,61
170,115,3.5
170,102,1
170,64,0.5
170,78,0.5
170,177,3
170,193,0.5
170,200,0.5
170,172,6
170,125,73
170,174,1
170,175,9
170,103,3
170,111,1.5
170,209,0.5
170,217,0.5
170,229,1
170,143,0.5
170,230,1
170,68,0.5
170,98,1.5
170,232,0.5
170,116,1.5
170,57,3.5
170,118,0.5
170,56,0.5
170,121,0.5
170,122,0.5
170,59,0.5
170,75,0.5
170,132,0.5
170,90,0.5
170,131,0.5
170,142,0.5
170,160,11
170,16,1
170,109,0.5
170,108,15.5
170,15,0.5
170,99,1.5
170,153,3
170,154,9
170,158,43
170,159,115
170,156,21
170,157,0.5
53,41,15
53,26,0.5
53,29,0.5
53,222,1
53,219,1
53,185,27
53,52,8
53,196,3
53,82,5
53,46,13
53,135,17
53,129,0.5
53,54,73
53,55,27
53,36,0.5
53,37,20
53,34,12
53,21,0.5
53,11,0.5
53,93,4.5
53,19,0.5
53,38,14
53,176,6
53,207,2
53,7,0.5
53,119,8
53,47,22
53,49,45
53,48,4
53,51,8
53,50,33
163,235,1.5
163,225,0.5
163,164,85
163,86,1.5
163,161,15
163,162,35
163,136,0.5
163,165,9
163,55,0.5
163,12,2
163,44,0.5
163,151,22
163,150,3
163,149,2
163,177,3
163,152,15
163,160,3
163,173,3
163,172,1
163,125,33
163,175,4
163,73,0.5
163,229,1
163,215,0.5
163,78,0.5
163,7,1
163,180,0.5
163,179,0.5
163,158,11
163,132,1
163,69,0.5
163,111,1
163,153,8
163,154,6
163,117,1
163,159,13
163,156,42
163,67,0.5
52,41,2
52,185,9
52,196,138
52,82,1
52,37,9
52,135,1
52,54,6
52,55,4
52,45,5
52,46,6
52,34,24
52,38,28
52,93,3.5
52,47,13
52,176,37
52,119,63
52,16,0.5
52,49,11
52,48,4
52,200,1.5
52,51,55
52,50,6
195,189,6
195,217,11
195,33,0.5
195,221,3
195,220,7
195,85,27
195,193,0.5
195,86,1
195,192,5
195,194,2
195,186,5
195,187,16
195,204,3
195,43,0.5
195,19,0.5
195,177,1
195,175,1
195,73,0.5
195,209,29
195,210,9
195,229,0.5
195,215,1
195,213,7
195,183,2
195,182,8
195,57,0.5
195,181,1
195,180,7
195,74,3
195,199,2
195,160,0.5
195,24,0.5
195,154,0.5
195,65,0.5
161,235,0.5
161,225,0.5
161,125,3
161,162,10
161,130,1.5
161,165,7
161,55,2
161,152,1
161,103,0.5
161,104,3
161,150,1.5
161,149,2
161,177,8
161,126,0.5
161,173,7
161,172,1
161,175,9
161,151,4
161,160,18
161,153,27
161,154,4
161,158,43
161,159,1
161,156,9
162,165,7
162,228,11.5
162,221,1.5
162,204,0.5
162,219,1
162,85,1
162,125,11
162,81,0.5
162,201,0.5
162,79,1
162,55,0.5
162,112,5
162,152,5
162,151,6
162,62,0.5
162,150,2
162,149,21
162,102,0.5
162,164,65
162,177,42
162,173,12
162,172,4
162,174,12.5
162,234,0.5
162,67,0.5
162,111,0.5
162,224,11
162,210,0.5
162,118,1
162,230,0.5
162,98,2
162,233,0.5
162,88,0.5
162,83,1
162,74,0.5
162,84,17
162,132,3
162,133,0.5
162,184,1
162,190,0.5
162,160,3
162,49,0.5
162,108,3
162,135,0.5
162,99,5.5
162,153,4
162,154,5
162,158,93
162,159,2
162,156,12
162,157,1
197,84,1
197,83,0.5
197,132,18
197,90,0.5
197,130,2
197,228,173
197,219,0.5
197,85,1
197,140,1
197,128,7
197,135,1
197,70,0.5
197,79,12
197,139,4
197,188,30
197,164,0.5
197,114,1.5
197,112,1
197,21,0.5
197,152,0.5
197,151,0.5
197,104,0.5
197,109,0.5
197,115,18.5
197,102,0.5
197,56,1
197,177,0.5
197,142,6
197,193,10
197,172,0.5
197,174,22
197,73,0.5
197,224,1.5
197,155,12
197,206,6
197,35,0.5
197,98,0.5
197,232,23.5
197,116,0.5
197,7,0.5
197,57,1.5
197,58,1.5
197,180,0.5
197,179,8
197,178,33
197,198,3
197,158,0.5
197,203,10.5
197,121,2
197,189,1
197,133,6
197,131,28
197,190,9
197,74,0.5
197,69,0.5
197,107,0.5
197,146,5
197,200,1
197,122,1
197,145,7.5
197,76,1
197,17,0.5
197,159,16.5
197,201,3
197,67,2
166,235,84
166,227,5
166,202,0.5
166,203,0.5
166,54,1
166,113,23
166,114,12
166,112,2
166,104,2
166,101,1
166,115,4
166,144,7
166,216,0.5
166,230,2
166,122,0.5
166,94,6
166,105,11
166,107,14
166,108,58
166,110,24
166,99,5
166,98,40
166,97,29
166,96,57
166,95,26
166,157,46
165,30,0.5
165,164,6
165,125,15
165,81,1
165,130,0.5
165,12,0.5
165,44,0.5
165,151,26
165,150,1
165,149,2
165,177,3
165,152,6
165,173,28
165,172,4
165,175,9
165,231,0.5
165,47,0.5
165,160,9
165,14,0.5
165,134,0.5
165,153,3
165,154,2
165,158,2
165,159,3
165,156,6
54,202,0.5
54,235,0.5
54,55,4
54,37,3
54,185,9
54,196,14
54,82,10
54,1,1
54,3,0.5
54,129,0.5
54,71,1
54,45,3
54,46,36
54,34,27
54,112,0.5
54,21,0.5
54,38,33
54,93,6.5
54,50,3
54,47,37
54,120,0.5
54,108,0.5
54,141,0.5
54,176,7
54,41,1
54,8,0.5
54,119,32
54,5,0.5
54,68,0.5
54,49,9
54,48,28
54,144,0.5
54,40,1
54,17,0.5
54,51,10
54,157,0.5
55,41,6
55,235,0.5
55,185,5
55,37,5
55,119,14
55,82,2
55,135,74
55,79,0.5
55,113,1
55,46,7
55,34,13
55,38,9
55,151,1.5
55,104,4.5
55,47,3
55,115,1
55,64,2
55,56,15
55,193,0.5
55,176,10
55,93,7.5
55,33,0.5
55,108,0.5
55,45,3
55,196,9
55,116,9
55,9,0.5
55,57,4
55,180,1
55,122,1
55,59,7.5
55,199,1
55,10,3
55,69,3
55,68,0.5
55,49,41
55,48,21
55,200,0.5
55,155,0.5
55,158,0.5
55,51,6
55,50,2
164,23,0.5
164,132,1
164,219,1.5
164,229,0.5
164,228,1.5
164,221,2
164,224,0.5
164,125,7
164,192,0.5
164,196,1
164,4,0.5
164,200,1
164,204,2.5
164,113,0.5
164,37,0.5
164,34,1.5
164,112,0.5
164,42,1
164,152,36
164,151,5
164,104,2
164,149,5
164,115,12
164,102,2
164,182,0.5
164,177,2
164,193,0.5
164,173,11
164,172,28
164,175,4
164,114,1
164,111,32
164,209,1
164,218,0.5
164,66,0.5
164,33,0.5
164,215,0.5
164,230,0.5
164,153,2
164,117,0.5
164,154,18
164,180,2
164,83,0.5
164,6,0.5
164,122,19
164,128,8.5
164,189,2
164,76,0.5
164,190,4
164,160,4
164,146,0.5
164,3,1
164,99,7.5
164,98,4
164,86,0.5
164,158,3
164,159,29
164,156,26
164,157,1.5
112,1,0.5
112,84,0.5
112,154,8.5
112,149,17
112,235,243
112,227,6
112,228,2
112,221,0.5
112,30,0.5
112,224,0.5
112,143,1.5
112,113,10
112,125,1
112,111,31
112,4,1
112,219,29
112,203,1
112,144,13
112,36,0.5
112,114,40
112,152,0.5
112,151,36
112,104,14
112,92,0.5
112,101,3
112,158,9.5
112,115,2
112,102,99
112,172,2.5
112,108,16
112,175,1.5
112,207,1.5
112,103,7
112,31,0.5
112,218,2
112,72,0.5
112,7,2
112,230,10
112,61,0.5
112,232,1
112,116,0.5
112,117,0.5
112,57,0.5
112,118,1
112,94,2
112,128,1.5
112,131,0.5
112,190,0.5
112,106,4
112,105,25
112,160,0.5
112,107,73
112,109,2
112,147,0.5
112,110,20
112,99,222
112,98,7
112,97,6
112,96,22
112,95,73
112,157,35
21,28,1
21,193,0.5
21,196,1
21,87,5
21,3,2
21,71,1
21,36,12
21,46,2
21,34,1.5
21,16,9
21,42,20
21,44,19
21,60,0.5
21,146,0.5
21,62,0.5
21,19,5
21,13,14
21,148,7
21,24,36
21,85,0.5
21,100,2
21,73,1
21,31,1
21,32,13
21,33,11
21,213,0.5
21,116,0.5
21,40,64
21,67,0.5
21,119,0.5
21,5,1.5
21,8,0.5
21,1,1.5
21,69,0.5
21,22,1
21,49,0.5
21,48,0.5
21,14,36
21,15,9
21,66,1
21,25,1
21,17,7
21,18,2
21,65,0.5
103,84,1.5
103,235,10
103,212,0.5
103,26,1
103,227,13
103,228,0.5
103,224,0.5
103,107,3
103,143,21
103,125,24.5
103,124,1.5
103,97,6
103,194,1
103,219,10.5
103,203,2
103,113,22
103,114,12
103,34,0.5
103,152,0.5
103,60,1.5
103,104,39
103,94,53
103,115,13
103,102,66
103,56,1
103,110,10
103,96,9
103,90,0.5
103,173,23
103,172,3
103,24,0.5
103,207,2
103,151,1
103,111,8
103,218,7
103,66,1
103,229,0.5
103,108,45
103,230,10
103,232,5
103,116,1.5
103,117,0.5
103,57,1.5
103,6,1.5
103,122,1
103,47,0.5
103,16,1.5
103,132,3
103,133,14.5
103,106,18
103,22,0.5
103,147,0.5
103,101,28
103,99,20
103,144,15
103,98,9
103,154,1.5
103,158,0.5
103,159,2
103,95,2
103,157,41
104,95,10
104,235,15
104,227,28
104,219,0.5
104,107,5
104,141,1
104,125,1
104,97,64
104,128,1
104,135,0.5
104,79,0.5
104,113,29
104,114,21
104,200,1
104,61,0.5
104,62,0.5
104,101,29
104,149,1.5
104,115,24
104,102,20
104,47,0.5
104,96,10
104,90,0.5
104,173,1.5
104,172,4
104,196,1
104,151,2.5
104,143,0.5
104,224,1.5
104,111,55
104,229,1
104,88,0.5
104,215,0.5
104,230,43
104,98,58
104,232,0.5
104,57,0.5
104,118,15
104,119,0.5
104,122,1
104,94,150
104,203,0.5
104,84,0.5
104,199,0.5
104,133,0.5
104,190,1
104,106,30
104,105,40
104,160,0.5
104,16,0.5
104,109,0.5
104,108,14
104,110,6
104,59,0.5
104,144,7
104,99,8
104,154,0.5
104,158,0.5
104,159,0.5
104,156,0.5
104,157,17
101,202,1
101,235,21
101,223,0.5
101,227,14
101,141,0.5
101,46,0.5
101,50,2
101,113,27
101,114,8
101,94,35
101,115,14
101,102,13
101,111,48
101,99,14
101,216,0.5
101,230,3
101,97,11
101,118,0.5
101,122,0.5
101,188,2
101,106,2
101,105,11
101,107,3
101,108,5
101,110,2
101,144,6
101,98,1
101,157,9
101,96,15
101,142,0.5
101,95,9
101,143,0.5
102,84,3.5
102,132,5.5
102,95,63
102,235,3
102,223,0.5
102,131,0.5
102,227,27
102,228,0.5
102,3,0.5
102,30,0.5
102,190,5
102,219,2.5
102,113,3
102,125,1
102,124,1.5
102,196,1.5
102,97,3
102,136,0.5
102,224,1
102,137,0.5
102,202,0.5
102,79,7.5
102,36,0.5
102,114,9
102,34,1
102,60,0.5
102,149,1
102,115,37
102,64,0.5
102,203,0.5
102,6,0.5
102,96,8
102,90,0.5
102,173,8.5
102,172,0.5
102,176,0.5
102,175,0.5
102,174,0.5
102,207,1.5
102,143,5
102,218,1.5
102,111,25
102,229,1.5
102,215,1
102,230,14
102,98,9
102,232,10
102,56,0.5
102,234,0.5
102,7,0.5
102,57,1
102,58,0.5
102,180,1.5
102,83,0.5
102,73,0.5
102,122,7
102,94,25
102,128,3
102,199,1
102,133,3
102,72,0.5
102,10,1
102,106,8
102,105,4
102,107,74
102,49,0.5
102,108,11
102,110,45
102,200,1.5
102,144,8
102,99,17
102,154,7
102,158,1.5
102,159,9.5
102,156,0.5
102,157,15
56,193,2.5
56,194,0.5
56,177,0.5
56,60,20
56,31,0.5
56,33,1
56,58,4
56,116,5
56,57,9
56,118,0.5
56,119,2.5
56,121,55
56,59,21
56,188,3.5
56,190,5
56,115,0.5
56,123,2.5
56,99,0.5
56,27,0.5
56,26,0.5
56,29,0.5
56,30,8
56,126,16
56,128,0.5
56,203,0.5
56,204,1
56,42,1
56,44,0.5
56,5,0.5
56,6,0.5
56,198,2
56,134,4
56,199,0.5
56,133,0.5
56,10,0.5
56,136,31
56,135,1.5
56,51,0.5
56,227,0.5
56,228,1.5
56,225,0.5
56,85,0.5
56,140,0.5
56,1,1
56,4,7.5
56,3,0.5
56,70,5
56,71,1
56,36,0.5
56,37,0.5
56,34,0.5
56,35,0.5
56,234,0.5
56,73,54
56,210,1.5
56,83,0.5
56,16,2
56,146,0.5
56,147,0.5
56,15,0.5
56,145,0.5
56,143,0.5
56,154,1.5
56,219,1.5
56,185,1
56,22,0.5
56,12,1
56,152,3
56,151,1.5
56,61,2
56,63,4
56,148,0.5
56,64,17
56,218,0.5
56,155,27.5
56,215,0.5
56,183,1
56,25,0.5
56,180,0.5
56,179,1.5
56,184,1.5
56,69,104
56,68,0.5
56,109,5
56,24,0.5
56,66,51
56,65,15
56,158,0.5
56,67,1
177,138,0.5
177,27,0.5
177,1,0.5
177,221,0.5
177,71,0.5
177,220,0.5
177,85,1
177,125,2
177,192,1
177,2,0.5
177,135,1.5
177,186,1
177,204,0.5
177,152,12
177,60,0.5
177,134,1
177,150,0.5
177,149,6
177,64,0.5
177,183,0.5
177,193,1
177,173,11
177,172,1
177,175,47
177,151,3
177,215,0.5
177,121,0.5
177,213,1
177,9,0.5
177,57,0.5
177,180,0.5
177,73,0.5
177,198,1.5
177,59,0.5
177,203,0.5
177,87,1
177,199,0.5
177,128,0.5
177,184,0.5
177,142,0.5
177,160,43
177,68,0.5
177,24,0.5
177,194,0.5
177,99,0.5
177,153,19
177,154,2
177,158,19
177,159,4
177,156,8
152,23,0.5
152,132,0.5
152,221,0.5
152,71,0.5
152,85,1.5
152,125,190
152,192,0.5
152,136,0.5
152,159,59
152,186,0.5
152,204,1
152,199,1
152,20,0.5
152,151,10
152,150,1
152,149,12
152,64,0.5
152,116,1
152,173,8
152,172,7
152,175,8
152,210,0.5
152,229,1
152,215,0.5
152,233,0.5
152,180,0.5
152,179,1
152,121,0.5
152,59,0.5
152,203,0.5
152,189,0.5
152,131,0.5
152,10,0.5
152,69,0.5
152,160,5
152,16,0.5
152,134,0.5
152,153,12
152,154,18
152,158,15
152,142,0.5
152,156,14
152,67,0.5
173,229,0.5
173,26,0.5
173,29,0.5
173,228,0.5
173,30,0.5
173,219,1
173,125,6
173,124,17
173,136,0.5
173,135,0.5
173,114,4.5
173,12,0.5
173,151,44
173,62,0.5
173,150,0.5
173,149,9
173,115,16
173,117,2.5
173,193,0.5
173,172,2
173,175,4
173,218,0.5
173,99,2
173,33,0.5
173,230,2.5
173,98,7
173,7,0.5
173,143,40
173,73,0.5
173,122,0.5
173,79,0.5
173,128,2
173,91,0.5
173,133,16.5
173,131,0.5
173,69,1
173,160,10
173,22,0.5
173,41,0.5
173,147,2.5
173,200,0.5
173,155,0.5
173,153,1
173,154,2
173,158,7
173,159,5
173,156,83
173,157,1
114,138,0.5
114,154,8
114,149,41
114,235,13
114,211,1.5
114,64,1
114,227,26
114,228,0.5
114,223,0.5
114,224,0.5
114,185,0.5
114,125,1
114,196,1.5
114,105,48
114,136,1
114,200,0.5
114,137,4
114,203,0.5
114,144,23
114,113,5
114,34,0.5
114,90,0.5
114,151,3
114,69,0.5
114,158,38
114,115,45
114,66,0.5
114,79,1
114,206,0.5
114,172,1
114,108,40
114,156,4
114,111,64
114,155,0.5
114,229,1
114,230,211
114,116,0.5
114,9,0.5
114,117,1
114,143,2
114,118,1.5
114,180,1
114,83,0.5
114,122,1
114,94,17
114,210,0.5
114,84,0.5
114,132,0.5
114,133,0.5
114,190,0.5
114,106,23
114,198,2
114,160,0.5
114,107,10
114,49,1
114,147,1
114,110,1
114,99,17
114,98,31
114,97,23
114,96,12
114,159,0.5
114,95,15
114,157,45
172,235,4
172,228,1
172,125,16
172,135,0.5
172,137,1
172,113,4.5
172,12,0.5
172,149,3
172,203,2.5
172,174,1
172,207,0.5
172,151,3
172,229,1.5
172,230,1
172,232,0.5
172,143,3
172,118,0.5
172,83,0.5
172,122,1
172,84,1
172,132,0.5
172,159,17
172,160,4
172,200,7
172,99,0.5
172,153,6
172,154,3
172,158,10
172,130,1
172,156,1
172,157,0.5
176,41,2
176,27,0.5
176,26,25.5
176,64,1.5
176,30,0.5
176,204,0.5
176,37,5
176,185,11
176,196,25
176,82,2
176,1,1
176,135,6
176,36,0.5
176,46,15
176,34,32
176,38,25
176,60,0.5
176,93,5.5
176,47,34
176,108,0.5
176,31,1
176,190,0.5
176,210,2
176,33,0.5
176,45,2
176,180,21
176,7,0.5
176,119,46
176,6,1.5
176,122,0.5
176,84,1.5
176,199,6.5
176,10,17.5
176,69,0.5
176,49,11
176,48,4
176,200,1
176,66,1
176,50,8
176,17,0.5
176,51,12
176,157,0.5
175,26,1
175,219,0.5
175,85,0.5
175,125,8
175,137,0.5
175,138,0.5
175,60,0.5
175,109,8.5
175,61,3.5
175,62,0.5
175,150,0.5
175,149,7
175,140,0.5
175,174,0.5
175,151,17
175,206,0.5
175,213,0.5
175,7,0.5
175,57,4.5
175,58,1
175,64,0.5
175,83,0.5
175,132,0.5
175,131,1
175,160,44
175,146,0.5
175,48,0.5
175,23,0.5
175,67,2.5
175,153,72
175,154,4
175,158,9
175,159,2
175,156,9
175,65,0.5
174,84,3.5
174,83,2
174,132,138
174,65,1
174,131,36
174,228,36
174,219,0.5
174,140,13
174,135,0.5
174,201,0.5
174,79,1
174,139,1
174,113,2
174,133,6
174,12,0.5
174,193,5
174,147,0.5
174,60,0.5
174,61,1
174,213,0.5
174,149,0.5
174,115,1
174,203,1
174,142,4
174,206,49
174,108,1.5
174,207,0.5
174,67,0.5
174,111,0.5
174,224,4.5
174,66,0.5
174,229,1.5
174,118,0.5
174,230,0.5
174,145,5.5
174,232,0.5
174,116,0.5
174,234,0.5
174,117,1
174,57,1
174,58,5.5
174,64,4.5
174,179,6
174,6,0.5
174,122,1.5
174,123,1
174,128,39
174,199,0.5
174,188,4
174,184,5
174,190,32
174,198,1
174,146,3
174,48,0.5
174,100,0.5
174,155,5
174,178,18
174,154,1
174,158,1
174,130,6
174,156,0.5
174,157,1
60,157,0.5
60,193,1
60,194,0.5
60,19,0.5
60,116,75
60,57,8
60,58,10
60,119,2
60,121,5
60,122,1
60,47,1
60,189,1
60,190,1.5
60,123,2.5
60,99,0.5
60,98,0.5
60,59,28
60,235,0.5
60,30,1
60,126,8
60,125,0.5
60,200,1
60,130,0.5
60,204,0.5
60,42,0.5
60,44,1.5
60,146,0.5
60,94,0.5
60,9,0.5
60,7,12.5
60,134,21
60,132,1
60,131,0.5
60,10,1
60,136,54
60,51,1
60,85,0.5
60,4,1
60,3,0.5
60,70,51
60,138,3
60,36,0.5
60,37,0.5
60,207,0.5
60,73,49
60,210,2
60,229,1
60,230,1
60,232,0.5
60,83,0.5
60,79,0.5
60,41,4
60,14,0.5
60,145,3
60,143,0.5
60,199,1
60,185,1
60,186,0.5
60,187,0.5
60,113,1
60,61,1
60,62,1.5
60,64,13
60,218,1
60,155,0.5
60,215,15.5
60,154,0.5
60,180,1
60,74,0.5
60,69,5
60,68,0.5
60,109,13
60,108,0.5
60,66,282
60,65,15
60,159,0.5
60,67,8
31,17,61
31,132,0.5
31,22,0.5
31,28,3
31,27,3
31,26,5
31,221,0.5
31,30,1.5
31,71,0.5
31,143,0.5
31,193,0.5
31,196,0.5
31,1,1.5
31,135,1
31,204,0.5
31,36,119
31,12,56
31,44,9
31,20,0.5
31,42,11
31,62,1.5
31,19,6
31,13,16
31,24,8
31,100,3
31,32,3
31,72,0.5
31,33,4
31,35,35
31,215,1
31,68,1
31,180,1.5
31,9,3
31,7,1
31,57,0.5
31,118,0.5
31,119,0.5
31,6,2.5
31,194,0.5
31,87,5
31,199,0.5
31,10,4
31,69,0.5
31,16,13
31,49,1.5
31,48,1
31,14,6
31,15,18
31,155,0.5
31,40,4
31,39,1
31,18,3
31,51,0.5
31,25,2
32,72,1
32,28,3
32,30,14
32,87,16
32,4,0.5
32,3,5.5
32,187,0.5
32,71,0.5
32,36,2
32,35,6
32,42,20
32,44,10
32,62,1
32,19,13
32,13,13
32,148,16
32,48,0.5
32,15,1
32,217,1
32,33,14
32,25,39
32,74,0.5
32,17,19
32,132,0.5
32,188,0.5
32,184,0.5
32,159,0.5
32,160,0.5
32,68,1
32,24,4
32,14,11
32,100,9
32,40,16
32,39,4
32,18,2
178,133,1
178,184,3
178,228,2
178,85,0.5
178,193,2
178,128,1
178,130,2
178,61,0.5
178,140,13
178,210,0.5
178,206,6
178,142,1
178,58,3.5
178,179,3
178,198,3
178,132,11
178,188,49
178,131,1
178,190,2
178,160,0.5
178,145,0.5
178,65,0.5
178,201,0.5
33,17,18
33,59,0.5
33,154,0.5
33,133,0.5
33,28,6
33,27,26
33,29,3
33,30,1.5
33,71,29.5
33,219,0.5
33,193,1
33,24,19
33,196,0.5
33,2,1
33,87,3
33,4,0.5
33,3,9.5
33,130,0.5
33,134,0.5
33,36,9
33,190,1
33,68,3.5
33,12,0.5
33,44,86
33,151,0.5
33,42,69
33,62,2
33,149,0.5
33,148,1
33,64,1
33,122,0.5
33,66,1
33,15,1
33,100,5.5
33,72,2.5
33,13,1
33,9,3
33,7,0.5
33,57,1.5
33,180,0.5
33,6,1.5
33,198,0.5
33,191,0.5
33,8,0.5
33,1,27.5
33,199,0.5
33,188,0.5
33,184,1
33,10,2.5
33,74,0.5
33,16,41
33,49,2
33,48,1
33,14,40
33,23,0.5
33,155,1
33,40,7
33,39,12
33,18,69
33,25,14
58,116,34
58,132,21.5
58,130,0.5
58,228,0.5
58,131,1.5
58,219,0.5
58,85,1
58,126,9
58,136,9
58,138,6
58,79,0.5
58,36,1
58,61,4
58,183,1
58,193,0.5
58,234,0.5
58,73,1
58,123,3.5
58,206,1
58,231,0.5
58,140,27.5
58,57,123
58,181,0.5
58,64,22
58,179,1
58,121,9
58,134,8
58,199,0.5
58,188,0.5
58,184,1
58,190,0.5
58,69,36
58,109,89
58,59,27
58,67,16
58,66,8
58,145,3
58,40,0.5
58,17,0.5
58,70,7
58,65,13
116,193,2.5
116,196,0.5
116,194,1.5
116,19,1
116,57,236
116,121,68
116,122,0.5
116,59,65
116,190,1
116,123,7
116,68,0.5
116,27,2
116,26,2
116,29,0.5
116,30,1.5
116,126,6
116,125,0.5
116,203,1
116,204,2
116,44,1
116,47,0.5
116,85,1
116,9,2.5
116,7,1
116,134,4
116,132,0.5
116,131,14
116,10,0.5
116,136,7
116,49,0.5
116,48,0.5
116,51,0.5
116,211,0.5
116,141,0.5
116,140,0.5
116,1,1
116,4,1.5
116,135,8.5
116,70,4
116,138,6
116,37,1.5
116,34,0.5
116,35,1
116,24,0.5
116,73,4
116,210,0.5
116,230,0.5
116,232,0.5
116,84,0.5
116,16,0.5
116,146,1
116,144,0.5
116,145,2
116,17,0.5
116,18,0.5
116,199,0.5
116,221,0.5
116,185,2.5
116,79,0.5
116,113,1.5
116,12,0.5
116,61,16
116,62,1.5
116,63,1
116,64,18
116,155,25
116,215,0.5
116,154,0.5
116,180,0.5
116,179,0.5
116,69,70
116,22,0.5
116,109,8
116,108,1
116,66,36
116,65,8
116,158,0.5
116,67,68
117,129,17
117,90,0.5
117,235,1
117,212,42
117,211,2
117,222,8
117,219,12
117,107,1.5
117,141,1
117,125,34
117,200,2
117,201,0.5
117,137,7
117,202,98
117,79,0.5
117,92,3.5
117,115,0.5
117,205,1
117,207,8
117,111,1
117,218,248
117,155,0.5
117,216,7
117,143,46
117,230,0.5
117,214,4
117,57,0.5
117,118,12
117,180,0.5
117,120,23
117,122,5
117,132,0.5
117,76,29.5
117,131,2
117,190,0.5
117,229,0.5
117,16,1
117,147,219
117,223,2
117,99,1.5
117,154,0.5
117,96,0.5
117,156,12
117,157,2.5
57,193,3
57,192,0.5
57,194,1
57,118,0.5
57,121,2
57,122,0.5
57,59,9
57,190,0.5
57,123,5
57,99,0.5
57,96,0.5
57,27,1
57,26,1
57,29,1
57,30,1
57,126,12
57,130,2.5
57,204,1
57,43,0.5
57,44,0.5
57,13,0.5
57,9,2.5
57,7,1.5
57,6,1
57,134,3
57,87,0.5
57,132,0.5
57,133,1
57,131,18
57,136,4
57,49,1
57,3,0.5
57,228,1
57,1,0.5
57,4,1.5
57,135,6.5
57,70,8
57,138,1
57,71,0.5
57,35,0.5
57,24,1
57,83,0.5
57,146,1
57,147,0.5
57,14,0.5
57,15,0.5
57,145,2.5
57,18,1
57,221,0.5
57,61,141
57,62,1
57,63,3
57,149,1
57,115,0.5
57,64,19
57,206,1.5
57,155,3
57,215,1
57,214,0.5
57,213,0.5
57,65,4
57,179,4
57,184,0.5
57,69,18
57,109,92
57,108,1.5
57,67,32
57,66,12
57,154,0.5
57,25,0.5
118,229,2.5
118,129,5
118,235,0.5
118,212,82
118,211,2
118,222,2
118,219,33
118,127,53
118,113,0.5
118,125,1
118,124,2
118,224,1.5
118,137,14
118,202,1
118,79,2
118,36,0.5
118,151,0.5
118,92,3.5
118,149,3.5
118,115,1
118,64,0.5
118,205,1
118,200,15
118,108,1.5
118,135,0.5
118,207,22
118,203,11
118,208,8
118,218,5
118,111,1
118,216,18
118,7,0.5
118,143,24
118,230,31.5
118,214,10
118,83,2.5
118,6,0.5
118,122,8
118,128,1
118,133,0.5
118,131,0.5
118,190,1
118,84,7.5
118,160,0.5
118,49,1.5
118,147,17
118,141,2
118,15,0.5
118,223,2
118,98,38.5
118,154,0.5
118,158,0.5
118,95,0.5
118,157,2
119,93,4.5
119,26,0.5
119,37,11
119,185,12
119,125,1
119,196,28
119,82,2
119,1,0.5
119,135,5
119,36,0.5
119,46,7
119,34,34
119,42,0.5
119,38,68
119,47,107
119,64,5
119,200,11.5
119,218,0.5
119,210,20
119,215,0.5
119,45,6
119,232,2
119,9,0.5
119,180,0.5
119,59,12.5
119,84,0.5
119,199,11.5
119,10,13
119,69,2
119,155,1
119,49,10
119,48,2
119,41,3
119,3,0.5
119,66,1
119,145,0.5
119,154,0.5
119,51,67
119,50,24
120,129,15
120,212,8
120,211,5
120,222,20
120,219,16
120,127,12
120,124,2
120,200,151
120,137,3
120,202,1
120,113,0.5
120,37,0.5
120,34,0.5
120,92,9
120,141,11
120,205,5
120,207,135
120,208,1
120,218,32
120,216,16
120,214,6
120,122,11
120,41,0.5
120,147,4
120,223,5
120,143,23
121,59,16
121,236,0.5
121,26,0.5
121,130,0.5
121,228,1
121,221,1
121,85,0.5
121,126,2
121,128,1.5
121,136,46
121,70,9
121,138,6
121,79,0.5
121,133,0.5
121,61,43
121,63,4
121,149,0.5
121,148,0.5
121,64,66
121,193,0.5
121,100,0.5
121,234,0.5
121,73,33
121,179,0.5
121,5,1
121,201,0.5
121,198,2.5
121,123,3.5
121,188,11
121,190,3
121,69,42
121,109,4
121,134,14
121,66,1
121,145,1
121,65,1
121,226,1.5
121,156,0.5
121,67,156
122,196,0.5
122,194,1
122,151,0.5
122,190,39.5
122,98,1
122,235,1
122,30,1
122,205,43
122,125,1.5
122,124,7
122,128,10
122,200,21
122,129,8
122,202,1
122,203,40
122,204,0.5
122,92,5
122,94,0.5
122,7,1
122,6,0.5
122,90,0.5
122,131,1.5
122,48,0.5
122,211,12
122,228,0.5
122,224,1.5
122,141,18
122,4,1.5
122,3,0.5
122,137,15
122,34,0.5
122,207,8
122,208,4
122,210,0.5
122,229,11
122,230,1
122,232,13.5
122,83,1
122,84,6.5
122,147,5
122,14,0.5
122,143,127
122,133,3
122,223,2
122,221,1
122,222,14
122,219,12
122,79,18
122,107,0.5
122,149,0.5
122,115,0.5
122,127,1
122,218,2
122,111,46
122,216,11
122,214,10
122,180,0.5
122,68,0.5
122,108,0.5
122,66,0.5
122,154,2.5
122,158,1.5
122,159,1.5
122,157,0.5
59,84,1.5
59,27,2.5
59,130,1
59,228,0.5
59,226,1
59,30,0.5
59,71,0.5
59,219,1.5
59,215,0.5
59,180,2
59,126,1
59,196,0.5
59,1,0.5
59,80,0.5
59,135,19
59,70,22
59,138,14
59,187,0.5
59,34,0.5
59,35,0.5
59,42,0.5
59,61,9
59,63,46
59,66,8
59,64,195
59,193,10
59,24,0.5
59,47,1.5
59,73,10
59,210,4
59,181,0.5
59,231,0.5
59,230,0.5
59,140,0.5
59,10,4
59,9,0.5
59,179,1.5
59,123,1.5
59,128,2.5
59,199,8.5
59,133,2.5
59,184,0.5
59,190,4
59,229,0.5
59,136,22
59,69,42
59,109,93
59,48,0.5
59,134,60
59,155,13
59,98,0.5
59,65,5
59,159,0.5
59,67,85
189,217,9
189,27,0.5
189,221,181
189,30,1.5
189,220,8
189,85,11
189,185,4
189,86,11
189,192,11
189,194,26
189,200,0.5
189,186,16
189,187,13
189,204,215
189,37,5
189,16,1
189,43,6.5
189,151,0.5
189,93,0.5
189,62,2.5
189,149,1
189,24,0.5
189,66,2
189,193,12.5
189,209,3
189,210,32
189,206,0.5
189,215,4
189,183,5
189,9,1.5
189,7,6.5
189,181,8
189,180,85
189,83,1.5
189,74,7
189,199,18
189,184,0.5
189,190,0.5
189,198,0.5
189,69,0.5
189,22,0.5
189,49,1.5
189,48,7
189,3,0.5
189,99,3
189,142,0.5
189,51,2.5
188,227,1
188,226,1.5
188,126,0.5
188,128,2
188,136,1.5
188,130,7
188,187,0.5
188,139,5
188,193,55
188,206,5
188,73,4.5
188,98,0.5
188,213,0.5
188,142,5
188,179,1
188,74,0.5
188,123,0.5
188,132,12
188,133,6
188,184,3
188,190,3
188,198,7
188,69,0.5
188,146,6
188,134,0.5
188,155,2
188,145,1.5
188,154,1
190,193,15
190,196,1
190,123,1.5
190,99,2
190,27,0.5
190,206,17
190,125,1
190,124,0.5
190,128,113
190,200,0.5
190,130,11
190,203,0.5
190,204,0.5
190,44,0.5
190,9,1
190,7,2
190,198,9
190,199,0.5
190,133,92
190,131,9
190,48,1.5
190,228,12
190,225,0.5
190,224,0.5
190,85,1
190,140,5
190,136,2.5
190,70,3
190,137,0.5
190,139,3
190,36,0.5
190,34,1
190,73,0.5
190,229,4
190,230,1.5
190,232,6
190,83,0.5
190,84,3
190,146,13
190,147,0.5
190,145,2
190,142,3
190,143,0.5
190,132,6
190,90,0.5
190,219,1.5
190,79,3.5
190,151,1
190,61,0.5
190,63,1
190,115,0.5
190,64,3
190,218,1.5
190,155,12
190,154,0.5
190,180,0.5
190,179,57
190,184,11
190,69,1.5
190,109,0.5
190,111,16.5
190,65,0.5
190,159,5
190,156,0.5
69,84,0.5
69,12,0.5
69,65,3
69,18,0.5
69,79,0.5
69,26,0.5
69,211,0.5
69,228,0.5
69,221,0.5
69,30,0.5
69,10,0.5
69,224,5
69,77,2
69,180,0.5
69,85,0.5
69,86,0.5
69,230,0.5
69,109,17
69,142,4
69,136,20
69,200,6
69,138,4
69,203,0.5
69,36,0.5
69,34,0.5
69,35,0.5
69,42,1
69,179,1.5
69,151,1.5
69,146,1.5
69,61,4
69,3,0.5
69,148,0.5
69,24,0.5
69,66,10
69,126,5
69,16,0.5
69,135,11
69,156,2.5
69,234,0.5
69,73,26
69,108,1
69,218,0.5
69,210,1
69,206,0.5
69,215,1.5
69,70,4
69,232,0.5
69,9,0.5
69,7,0.5
69,83,2
69,198,2.5
69,6,0.5
69,184,0.5
69,22,1
69,193,1
69,48,2
69,123,0.5
69,67,17
69,155,48.5
69,64,10
69,130,2
69,51,0.5
69,157,0.5
115,154,2.5
115,235,9
115,216,1.5
115,211,0.5
115,227,26
115,223,0.5
115,219,0.5
115,127,2.5
115,193,0.5
115,128,1
115,135,0.5
115,203,21
115,109,0.5
115,66,1
115,79,36.5
115,159,41
115,108,47
115,111,8
115,218,1
115,144,31
115,229,0.5
115,230,14
115,232,22
115,94,17
115,84,0.5
115,132,0.5
115,133,1
115,131,0.5
115,106,9
115,105,7
115,107,6
115,49,0.5
115,156,5.5
115,110,7
115,99,11
115,98,43
115,97,10
115,96,300
115,130,0.5
115,95,6
115,157,15
100,154,1
100,17,3
100,30,0.5
100,71,0.5
100,87,4
100,3,0.5
100,204,0.5
100,36,2
100,35,3.5
100,42,11.5
100,44,1.5
100,151,0.5
100,93,5
100,19,2.5
100,148,7.5
100,13,16.5
100,15,0.5
100,232,0.5
100,9,0.5
100,25,4
100,134,1
100,16,2.5
100,10,0.5
100,68,1
100,49,0.5
100,24,2
100,14,3.5
100,191,18
100,144,1
100,40,1
100,39,1
100,18,3
100,67,0.5
99,235,71
99,216,1
99,66,0.5
99,131,0.5
99,227,26
99,221,2.5
99,30,0.5
99,219,21.5
99,141,0.5
99,113,23
99,97,34
99,200,1
99,79,2
99,204,2
99,36,0.5
99,44,0.5
99,151,19
99,134,0.5
99,149,0.5
99,96,8
99,90,0.5
99,108,6
99,207,0.5
99,111,44
99,229,0.5
99,143,2
99,230,4
99,232,1.5
99,67,0.5
99,83,0.5
99,74,0.5
99,94,4
99,203,1
99,128,2.5
99,133,2.5
99,184,0.5
99,106,7
99,105,4
99,160,2
99,107,14
99,147,0.5
99,110,8
99,15,0.5
99,144,14.5
99,98,21
99,154,0.5
99,158,1
99,159,4.5
99,95,24
99,157,75
98,84,3
98,76,0.5
98,95,4
98,235,112
98,212,0.5
98,26,0.5
98,211,0.5
98,227,7
98,228,1
98,219,11.5
98,185,0.5
98,125,0.5
98,93,0.5
98,97,5
98,4,0.5
98,200,0.5
98,137,0.5
98,202,0.5
98,79,0.5
98,136,1.5
98,113,6
98,109,0.5
98,151,1
98,63,0.5
98,149,2
98,203,1
98,66,0.5
98,96,199
98,206,0.5
98,111,6
98,224,1
98,144,23
98,216,4.5
98,143,1
98,230,119
98,68,0.5
98,94,4
98,64,0.5
98,128,0.5
98,91,0.5
98,106,11
98,198,1
98,160,1.5
98,107,3
98,105,3
98,108,6
98,110,2
98,154,0.5
98,158,4
98,159,2
98,156,6.5
98,157,8
97,235,1
97,227,28
97,196,0.5
97,202,0.5
97,113,9
97,92,0.5
97,94,1
97,111,100
97,216,0.5
97,230,11
97,106,3
97,105,22
97,107,27
97,108,9
97,110,6
97,144,24.5
97,96,6
97,95,16
97,157,30
96,143,2
96,235,64
96,212,0.5
96,223,0.5
96,227,28
96,200,0.5
96,137,0.5
96,202,0.5
96,113,10
96,46,0.5
96,111,9
96,216,0.5
96,230,6
96,94,8
96,106,6
96,105,42
96,107,3
96,109,0.5
96,108,46
96,110,3
96,144,35.5
96,95,23
96,157,21
95,235,13
95,227,26
95,37,0.5
95,113,42
95,94,13
95,111,15
95,230,7
95,106,3
95,105,20
95,107,186
95,108,24
95,110,23
95,144,10
95,157,3
235,154,3
235,227,6
235,228,0.5
235,219,31.5
235,141,0.5
235,135,1
235,113,4
235,46,0.5
235,42,0.5
235,151,59.5
235,92,0.5
235,149,3
235,111,14
235,218,2
235,143,1.5
235,230,6
235,196,0.5
235,9,1
235,94,12
235,158,2
235,224,1
235,90,1
235,106,8
235,105,17
235,107,17
235,109,2
235,108,16
235,110,35
235,144,3.5
235,159,1
235,157,51
27,183,0.5
27,199,1
27,17,1
27,26,5
27,29,2
27,221,0.5
27,30,1
27,71,46
27,185,0.5
27,2,5
27,1,16
27,4,8
27,3,5
27,204,0.5
27,36,0.5
27,68,37
27,12,2
27,11,1
27,191,7.5
27,20,3
27,42,1
27,62,14
27,24,8.5
27,44,10
27,193,1.5
27,15,1
27,218,0.5
27,72,16
27,35,1
27,215,1
27,10,7
27,9,9
27,7,1
27,180,1.5
27,5,30
27,6,8
27,8,10
27,16,2
27,22,30
27,49,11.5
27,48,0.5
27,14,9
27,23,9
27,66,1
27,25,1
27,39,0.5
27,18,10.5
236,225,1
236,226,12
236,80,1
236,81,1
236,201,1
236,79,4
236,90,3
236,92,7.5
236,234,1
236,229,1
236,231,18
236,232,15
236,88,1
236,83,1
236,89,19
236,75,55
236,84,3
236,91,2
236,76,40
236,77,2
236,142,0.5
236,67,0.5
26,84,0.5
26,143,1.5
26,29,6
26,221,0.5
26,30,34
26,219,0.5
26,38,1
26,3,6
26,193,0.5
26,125,1.5
26,15,1
26,196,0.5
26,2,2
26,1,7
26,4,16
26,135,0.5
26,137,0.5
26,71,4
26,36,6
26,22,11
26,12,27
26,11,1
26,20,2
26,151,0.5
26,41,0.5
26,62,13
26,19,30
26,13,0.5
26,24,0.5
26,6,118
26,44,1
26,16,0.5
26,207,0.5
26,208,0.5
26,35,6
26,215,4
26,9,14
26,7,43
26,5,1
26,191,2.5
26,8,1
26,194,2.5
26,10,115
26,160,0.5
26,68,10
26,49,4
26,48,3
26,14,0.5
26,23,36
26,66,0.5
26,40,2.5
26,18,0.5
26,73,0.5
26,67,0.5
29,221,0.5
29,30,5
29,126,0.5
29,2,7
29,1,6
29,4,1
29,3,1
29,71,79
29,36,1.5
29,22,6
29,12,6
29,11,41
29,20,5
29,62,5
29,44,0.5
29,8,4
29,72,6
29,35,0.5
29,9,13
29,7,1
29,82,0.5
29,6,4
29,191,1.5
29,10,24
29,68,18
29,24,1.5
29,14,1.5
29,23,4
29,17,0.5
29,145,0.5
29,39,13.5
29,18,2.5
123,130,2
123,228,2
123,85,0.5
123,126,4.5
123,142,0.5
123,136,2.5
123,70,3.5
123,138,9
123,139,1
123,204,0.5
123,113,0.5
123,43,4
123,109,3.5
123,61,4.5
123,64,4
123,193,1.5
123,73,2
123,66,3
123,206,1.5
123,231,0.5
123,108,0.5
123,92,1
123,179,1.5
123,198,0.5
123,132,1
123,131,1
123,146,0.5
123,24,0.5
123,134,1.5
123,144,1
123,145,24
123,65,3.5
123,201,7
123,67,4
30,132,0.5
30,66,0.5
30,71,5
30,219,2
30,185,0.5
30,125,0.5
30,15,8
30,196,0.5
30,2,1
30,1,4
30,4,195
30,3,5
30,137,0.5
30,204,1.5
30,36,2
30,37,1.5
30,22,3
30,12,22
30,11,1
30,191,6.5
30,62,133
30,19,1
30,149,0.5
30,47,0.5
30,44,1
30,193,1
30,23,9
30,135,1
30,72,26
30,46,0.5
30,13,25
30,232,0.5
30,9,38
30,7,6
30,5,2
30,6,24
30,8,3
30,16,7
30,133,0.5
30,10,6
30,68,2
30,41,0.5
30,48,1
30,153,0.5
30,17,1
30,18,0.5
30,156,0.5
30,143,0.5
127,129,7
127,212,3
127,211,2
127,222,14
127,219,6
127,141,33
127,124,2
127,200,3
127,137,2
127,202,2
127,203,4
127,92,3.5
127,205,3
127,207,6
127,208,89
127,218,1
127,216,5
127,214,3
127,106,1.5
127,107,4
127,147,7
127,223,2
127,143,7
126,183,0.5
126,224,0.5
126,85,0.5
126,140,0.5
126,86,0.5
126,136,6
126,70,2
126,138,3
126,79,0.5
126,139,0.5
126,20,0.5
126,61,2
126,134,78
126,63,1
126,64,6
126,206,1.5
126,23,0.5
126,66,5
126,7,0.5
126,179,0.5
126,132,0.5
126,184,0.5
126,109,6
126,24,0.5
126,67,70
126,155,0.5
126,145,2.5
126,154,0.5
126,158,0.5
126,130,1
126,73,14
126,65,32
125,84,1.5
125,228,1.5
125,226,0.5
125,219,1.5
125,86,2.5
125,80,1
125,224,1
125,130,0.5
125,137,0.5
125,139,0.5
125,113,3.5
125,34,0.5
125,12,0.5
125,151,2
125,62,0.5
125,150,2.5
125,149,16
125,203,1
125,22,1
125,108,4
125,207,2
125,218,3.5
125,210,1
125,143,6
125,230,1.5
125,153,9
125,232,2
125,16,2
125,154,27
125,6,1.5
125,194,0.5
125,128,0.5
125,199,0.5
125,133,1
125,4,0.5
125,160,7
125,68,0.5
125,41,1
125,147,10.5
125,15,0.5
125,76,19
125,158,7
125,159,35
125,156,25
125,157,13
124,137,1
124,79,3
124,212,1
124,222,4
124,219,2
124,128,0.5
124,200,2
124,129,4
124,202,3
124,203,3
124,113,0.5
124,92,2
124,149,0.5
124,207,2
124,208,2
124,224,6
124,216,3
124,214,3
124,9,0.5
124,83,1.5
124,84,2.5
124,229,2
124,49,0.5
124,147,1
124,143,23
128,84,3.5
128,203,1
128,185,0.5
128,133,74
128,130,12
128,228,12
128,226,0.5
128,10,0.5
128,224,0.5
128,140,2
128,136,1
128,200,0.5
128,137,1
128,138,11.5
128,79,3
128,139,4
128,151,0.5
128,62,0.5
128,63,0.5
128,3,0.5
128,193,2
128,159,4.5
128,207,1
128,73,2.5
128,111,13.5
128,218,1
128,155,15
128,229,2
128,206,3
128,230,0.5
128,232,7
128,7,0.5
128,65,5
128,179,4
128,132,5
128,131,9
128,198,6
128,15,0.5
128,67,0.5
128,64,3.5
128,70,4
128,156,0.5
128,143,0.5
200,129,10
200,83,27.5
200,91,1
200,50,1.5
200,212,7
200,227,1.5
200,228,1
200,204,0.5
200,219,21
200,41,1
200,158,0.5
200,216,9
200,224,1
200,137,2
200,202,8
200,79,1.5
200,113,7
200,90,15
200,159,0.5
200,147,3
200,92,9
200,94,0.5
200,205,8
200,207,46
200,203,85
200,218,40
200,210,2
200,229,29.5
200,230,1
200,214,3
200,232,6
200,143,7
200,47,4
200,222,3
200,84,6
200,133,0.5
200,131,4
200,106,1
200,16,0.5
200,49,0.5
200,48,2.5
200,141,3
200,154,19
200,201,14.5
200,156,0.5
200,157,0.5
130,133,31
130,229,0.5
130,131,29
130,228,9
130,85,0.5
130,136,2.5
130,139,2
130,109,0.5
130,61,1
130,134,1.5
130,64,1.5
130,142,13
130,193,10
130,86,1
130,73,0.5
130,217,0.5
130,206,88
130,140,1
130,179,45
130,198,43
130,132,1
130,184,17
130,146,107
130,194,0.5
130,155,2
130,145,2.5
130,70,1.5
130,156,0.5
130,67,2
129,212,10
129,211,24
129,222,25
129,219,20
129,137,6
129,202,2
129,203,90
129,92,12
129,205,30
129,207,16
129,218,4
129,216,154
129,214,5
129,77,0.5
129,41,0.5
129,147,30
129,223,3
129,143,6
202,137,5
202,141,1
202,212,1
202,211,2
202,222,3
202,219,6
202,196,0.5
202,203,3
202,37,0.5
202,205,1
202,207,1
202,208,1
202,218,21
202,111,0.5
202,216,7
202,214,1
202,105,1
202,147,3
202,223,1
202,157,2
203,137,9
203,90,0.5
203,212,5
203,211,52
203,132,1
203,221,0.5
203,223,1
203,222,2
203,219,13
203,193,1
203,88,0.5
203,4,0.5
203,79,50.5
203,151,0.5
203,92,4
203,205,2
203,94,0.5
203,232,24
203,208,10
203,216,11
203,35,0.5
203,214,22
203,10,0.5
203,143,5
203,84,1
203,199,1
203,133,0.5
203,229,3
203,49,0.5
203,147,8
203,64,0.5
203,159,20
203,156,1
203,157,0.5
204,84,0.5
204,183,9
204,199,41
204,210,67
204,79,0.5
204,66,1.5
204,228,0.5
204,221,151
204,10,1
204,224,0.5
204,85,4
204,185,1.5
204,86,12
204,192,24
204,4,0.5
204,186,1
204,187,14
204,71,1.5
204,37,2
204,22,1
204,43,3
204,109,0.5
204,62,2
204,150,0.5
204,149,0.5
204,24,0.5
204,193,3.5
204,15,0.5
204,135,0.5
204,209,6
204,217,1
204,215,6
204,213,1
204,9,1
204,7,12
204,181,4
204,180,10
204,83,0.5
204,16,0.5
204,184,0.5
204,160,0.5
204,68,1.5
204,49,4.5
204,48,10.5
204,194,17
204,154,0.5
204,142,0.5
204,51,3
45,185,37
45,82,3
45,37,130
45,135,2
45,219,0.5
45,46,2
45,34,5
45,49,10
45,48,2
45,38,8
45,93,1
45,50,15
45,62,0.5
45,47,8
45,51,42
45,196,7
46,41,4
46,227,0.5
46,71,1.5
46,185,18
46,196,56
46,82,8
46,1,2
46,135,5
46,37,12
46,34,42
46,42,0.5
46,38,18
46,93,7
46,50,4
46,62,0.5
46,108,0.5
46,9,0.5
46,40,1
46,5,0.5
46,6,0.5
46,47,62
46,105,0.5
46,49,6
46,48,27
46,14,0.5
46,3,1
46,39,0.5
46,157,0.5
46,51,2
46,36,0.5
42,16,5
42,37,0.5
42,196,1.5
42,87,2
42,135,1
42,71,12.5
42,36,42
42,34,1
42,35,2
42,12,1
42,44,12
42,191,0.5
42,62,1
42,3,15.5
42,148,3
42,64,1
42,9,2.5
42,15,2
42,24,10
42,20,0.5
42,72,1.5
42,13,52
42,180,1.5
42,28,5
42,25,1
42,5,1
42,17,6
42,1,8
42,199,3.5
42,22,1.5
42,49,0.5
42,48,1
42,14,18
42,155,0.5
42,40,12
42,39,1
42,18,6
43,199,1.5
43,217,0.5
43,221,2.5
43,220,3
43,85,3.5
43,185,0.5
43,86,1
43,192,2
43,194,1
43,4,1
43,186,1
43,187,1.5
43,12,0.5
43,93,3
43,150,2
43,209,3
43,210,1
43,215,3
43,213,0.5
43,183,2
43,182,0.5
43,181,0.5
43,180,3
43,74,0.5
43,198,0.5
43,191,4
43,144,5
43,145,6
43,17,0.5
44,1,2
44,72,0.5
44,154,0.5
44,79,2
44,28,1
44,228,0.5
44,221,0.5
44,220,0.5
44,15,4
44,2,1.5
44,87,3
44,4,2
44,135,0.5
44,186,1
44,71,4.5
44,36,3
44,37,0.5
44,34,1
44,22,7
44,11,1.5
44,12,1.5
44,62,0.5
44,19,2
44,3,1
44,64,1
44,66,0.5
44,193,1
44,209,0.5
44,218,0.5
44,217,0.5
44,35,2
44,13,6
44,7,0.5
44,179,0.5
44,6,3
44,17,24
44,8,2
44,16,67
44,199,0.5
44,68,7
44,49,13.5
44,24,49
44,14,55
44,23,0.5
44,40,3
44,39,22
44,18,120
44,25,24
93,37,15.5
93,185,16.5
93,196,10
93,82,2
93,194,0.5
93,4,0.5
93,135,6
93,34,7
93,16,0.5
93,38,19.5
93,191,2
93,41,1
93,92,1
93,62,0.5
93,150,5
93,210,0.5
93,47,7.5
93,68,0.5
93,49,26
93,48,4.5
93,144,1
93,17,0.5
93,51,10.5
93,50,10.5
92,234,0.5
92,79,0.5
92,212,2.5
92,211,4.5
92,225,0.5
92,226,11.5
92,222,3
92,219,7
92,201,1
92,137,3.5
92,62,0.5
92,108,1
92,141,3
92,90,4
92,207,3
92,208,3.5
92,205,1.5
92,218,3
92,111,0.5
92,216,7
92,214,7
92,9,0.5
92,89,22.5
92,75,0.5
92,84,0.5
92,91,0.5
92,76,1
92,68,0.5
92,147,4
92,191,1
92,223,7.5
92,143,3.5
94,227,52
94,193,0.5
94,137,0.5
94,113,6
94,208,0.5
94,111,3
94,230,6
94,143,0.5
94,106,6
94,105,11
94,107,6
94,108,2
94,110,1
94,144,1.5
94,157,45
147,137,2
147,199,0.5
147,219,12
147,76,41.5
147,212,17
147,211,3
147,225,0.5
147,223,2
147,10,0.5
147,224,0.5
147,216,2
147,113,0.5
147,34,0.5
147,35,0.5
147,77,0.5
147,151,1
147,205,5
147,141,8
147,90,0.5
147,207,11
147,208,113
147,218,11
147,144,0.5
147,229,1
147,214,97
147,232,1.5
147,180,0.5
147,222,4
147,132,1
147,133,0.5
147,131,0.5
147,107,2.5
147,49,0.5
147,108,0.5
147,14,0.5
147,3,0.5
147,154,0.5
147,156,21
147,143,55
85,183,3
85,138,0.5
85,210,3
85,154,1
85,221,5
85,224,0.5
85,215,52
85,220,5
85,86,1
85,192,4
85,2,0.5
85,80,0.5
85,81,0.5
85,186,2
85,187,1
85,151,1
85,63,0.5
85,193,0.5
85,209,2
85,217,1
85,181,4
85,231,0.5
85,140,0.5
85,233,0.5
85,213,3
85,182,1
85,8,0.5
85,199,4
85,74,10
85,1,0.5
85,24,0.5
85,134,0.5
85,67,1
85,40,0.5
85,156,0.5
85,65,0.5
193,196,0.5
193,194,6
193,151,0.5
193,160,1
193,206,3
193,9,1
193,7,0.5
193,198,3
193,132,59
193,133,3
193,131,8
193,49,0.5
193,48,2
193,51,0.5
193,228,5
193,140,2
193,1,1.5
193,3,0.5
193,70,0.5
193,137,0.5
193,138,0.5
193,139,1
193,71,2.5
193,207,0.5
193,232,0.5
193,146,52
193,145,2
193,40,1
193,17,0.5
193,142,4
193,221,4
193,219,0.5
193,187,0.5
193,61,0.5
193,62,0.5
193,64,4
193,66,1
193,215,0.5
193,213,0.5
193,180,0.5
193,179,22
193,184,11
193,109,0.5
193,24,0.5
193,155,11
193,25,0.5
193,159,0.5
193,156,0.5
192,91,1
192,221,11
192,220,6
192,86,17
192,194,1
192,186,8
192,187,13
192,20,0.5
192,149,0.5
192,182,2
192,73,0.5
192,209,18
192,217,144
192,215,1
192,213,1
192,183,8
192,210,5
192,180,8
192,74,3
192,199,9
192,198,0.5
192,109,0.5
192,24,0.5
192,40,0.5
192,17,0.5
192,159,0.5
192,67,0.5
196,41,11
196,72,0.5
196,64,0.5
196,221,1
196,71,2
196,82,7
196,37,5
196,4,1.5
196,135,2
196,34,116
196,16,0.5
196,38,27
196,50,10
196,232,0.5
196,47,33
196,3,2
196,9,0.5
196,185,10
196,35,10
196,230,0.5
196,180,43
196,28,1
196,7,1.5
196,154,1.5
196,5,3
196,1,4.5
196,199,5.5
196,131,0.5
196,68,0.5
196,49,24
196,48,41
196,23,0.5
196,17,0.5
196,51,31
196,36,3.5
9,199,0.5
9,221,1
9,20,7
9,2,19
9,37,5.5
9,4,50
9,3,4
9,187,0.5
9,36,1.5
9,22,7
9,11,1
9,191,18
9,151,0.5
9,12,7
9,62,465
9,64,1.5
9,232,0.5
9,185,3.5
9,6,30
9,23,3
9,24,2
9,7,2
9,218,0.5
9,35,4.5
9,230,0.5
9,10,13
9,16,15
9,180,0.5
9,108,0.5
9,5,4
9,73,0.5
9,8,3
9,1,16
9,133,0.5
9,71,37
9,68,5
9,49,2
9,13,2.5
9,14,0.5
9,155,0.5
9,18,0.5
9,51,2.5
9,15,23
7,48,25.5
7,23,83
7,199,0.5
7,228,0.5
7,221,8.5
7,10,5
7,155,1
7,185,1.5
7,158,2
7,111,1
7,2,13
7,4,7
7,135,1.5
7,36,0.5
7,34,0.5
7,22,4
7,12,54
7,11,2
7,191,1.5
7,151,0.5
7,41,12.5
7,62,5
7,150,0.5
7,24,0.5
7,207,0.5
7,20,1
7,218,0.5
7,72,2
7,215,62
7,230,0.5
7,35,5
7,213,0.5
7,180,0.5
7,5,4
7,6,38
7,47,0.5
7,16,3
7,1,3
7,229,0.5
7,71,6
7,160,0.5
7,68,6
7,49,22
7,13,1.5
7,8,2
7,194,0.5
7,66,3.5
7,39,0.5
7,18,2
7,51,2.5
8,2,1
8,1,7
8,4,2
8,3,3
8,71,7
8,36,0.5
8,37,0.5
8,22,43
8,12,2
8,20,1
8,61,0.5
8,62,3
8,17,4
8,11,1
8,72,15
8,5,7
8,6,4
8,191,8
8,10,8
8,68,91
8,24,3
8,14,1.5
8,23,7
8,66,0.5
8,39,1
8,18,1
8,67,0.5
88,90,1
88,226,2
88,225,3
88,221,0.5
88,224,6
88,81,215
88,201,4.5
88,151,0.5
88,234,22
88,229,2
88,233,1
88,232,4
88,83,6
88,179,0.5
88,79,1
88,75,55
88,76,1
88,134,1
89,78,3
89,75,25
89,80,1
89,81,1
89,201,5
89,84,27
89,231,4
89,79,2
89,76,14
89,234,2
89,90,54
89,134,1
89,229,6
89,226,2
89,77,3
6,83,0.5
6,154,0.5
6,22,13
6,228,0.5
6,221,1.5
6,37,0.5
6,185,1
6,24,1
6,2,38
6,194,15
6,4,56
6,135,0.5
6,187,1
6,71,1
6,36,0.5
6,16,12
6,12,16
6,62,29
6,3,2
6,23,6
6,20,44
6,143,0.5
6,72,6
6,35,0.5
6,215,2
6,108,0.5
6,232,1.5
6,180,1
6,5,15
6,17,0.5
6,191,10.5
6,1,4
6,132,0.5
6,10,31
6,160,0.5
6,68,18
6,49,4
6,48,1
6,14,1.5
6,66,1
6,67,0.5
6,39,0.5
6,18,1
6,51,1
6,15,22.5
198,132,3
198,63,1
198,133,9
198,91,1
198,228,4
198,131,46
198,77,0.5
198,136,15.5
198,139,8
198,213,0.5
198,19,0.5
198,149,0.5
198,148,1
198,64,0.5
198,140,6
198,73,1
198,206,22
198,215,0.5
198,230,2.5
198,145,4.5
198,232,0.5
198,182,0.5
198,142,12
198,179,16
198,184,9
198,146,4
198,24,0.5
198,155,1
198,40,0.5
198,158,0.5
198,156,0.5
134,23,0.5
134,28,0.5
134,66,2
134,228,0.5
134,215,0.5
134,187,1
134,136,89
134,81,0.5
134,138,16
134,139,0.5
134,179,0.5
134,61,16
134,109,17
134,64,91
134,206,0.5
134,73,5
134,217,0.5
134,231,0.5
134,213,1
134,180,0.5
134,106,0.5
134,76,0.5
134,160,0.5
134,16,0.5
134,146,0.5
134,67,85
134,145,0.5
134,154,0.5
134,158,0.5
134,70,4
134,65,5
194,183,17
194,199,28
194,210,2
194,221,22
194,219,0.5
194,220,10
194,135,0.5
194,186,6
194,187,2
194,37,1.5
194,34,0.5
194,16,2.5
194,185,2.5
194,86,54
194,209,4
194,218,0.5
194,217,1
194,229,0.5
194,215,1
194,213,1
194,181,14
194,180,13
194,131,1
194,22,1
194,49,0.5
194,15,1
194,51,0.5
132,48,0.5
132,83,1
132,185,0.5
132,184,3
132,228,40
132,84,15
132,219,0.5
132,145,5
132,224,13.5
132,137,0.5
132,187,0.5
132,133,4
132,159,0.5
132,151,1
132,61,0.5
132,149,0.5
132,66,1
132,24,0.5
132,108,0.5
132,218,0.5
132,111,2
132,229,1.5
132,206,6
132,230,0.5
132,140,81
132,64,1.5
132,179,3
132,199,0.5
132,131,31
132,76,0.5
132,146,1
132,135,0.5
132,67,1.5
132,155,3
132,154,1.5
132,17,0.5
132,65,0.5
133,84,2
133,199,1
133,79,2.5
133,229,2.5
133,228,2
133,219,0.5
133,4,0.5
133,138,0.5
133,139,1
133,62,0.5
133,142,5
133,140,1
133,73,3.5
133,155,9
133,224,0.5
133,206,1
133,70,6.5
133,232,4.5
133,179,7
133,184,119
133,146,4
133,81,0.5
133,145,2.5
133,64,7
133,156,2.5
133,143,4.5
131,84,2
131,218,4.5
131,228,63
131,219,1.5
131,143,1
131,86,1
131,137,0.5
131,139,20
131,151,1.5
131,109,5
131,61,4
131,149,0.5
131,206,6
131,140,6
131,159,0.5
131,224,0.5
131,155,5
131,229,3
131,70,0.5
131,232,1
131,83,0.5
131,179,29
131,76,1
131,184,1
131,146,11
131,145,3.5
131,154,21.5
131,158,1.5
131,157,1
10,84,3.5
10,16,0.5
10,72,2
10,154,0.5
10,2,8
10,4,34
10,135,1
10,36,0.5
10,22,18
10,12,15
10,17,0.5
10,191,1
10,64,3.5
10,62,5
10,47,1
10,3,5
10,24,2.5
10,20,3
10,210,11
10,40,0.5
10,180,0.5
10,5,3
10,1,12
10,199,6.5
10,159,0.5
10,71,26
10,68,12
10,49,0.5
10,48,1
10,14,0.5
10,23,6
10,66,0.5
10,25,1.5
10,39,1
10,18,3.5
136,63,1
136,228,0.5
136,4,0.5
136,138,9
136,151,0.5
136,61,4
136,19,0.5
136,215,0.5
136,145,0.5
136,109,12
136,13,0.5
136,67,3
136,66,2
136,64,8
136,70,14
136,73,43
136,65,4
49,1,4.5
49,48,63
49,12,3.5
49,143,8
49,51,34
49,221,1.5
49,219,1
49,37,32
49,111,1
49,82,8
49,4,1
49,137,0.5
49,34,18
49,22,0.5
49,50,22
49,62,1
49,47,24
49,3,0.5
49,38,42
49,185,30
49,16,0.5
49,135,9
49,207,1.5
49,218,0.5
49,210,1
49,35,1
49,215,26
49,230,2.5
49,24,0.5
49,180,4
49,222,1.5
49,84,0.5
49,71,1.5
49,68,1.5
49,41,55
49,15,0.5
49,154,1
49,18,3
49,156,3
49,36,0.5
48,36,1.5
48,12,0.5
48,154,0.5
48,221,6.5
48,37,9
48,180,3.5
48,82,11
48,1,1
48,34,19
48,35,3
48,38,8
48,159,0.5
48,232,0.5
48,19,0.5
48,64,0.5
48,47,17
48,14,0.5
48,185,15
48,23,0.5
48,207,0.5
48,218,1
48,210,2.5
48,215,22.5
48,40,0.5
48,199,1.5
48,84,2.5
48,71,0.5
48,16,0.5
48,41,2
48,135,3
48,155,1
48,50,62
48,18,0.5
48,51,2
48,157,0.5
135,199,2
135,210,1
135,221,0.5
135,219,0.5
135,37,33
135,185,153
135,111,1.5
135,82,11
135,4,1.5
135,3,0.5
135,34,7
135,113,0.5
135,151,0.5
135,47,15
135,64,5
135,155,5.5
135,38,9
135,207,0.5
135,41,3
135,35,0.5
135,180,0.5
135,16,6
135,83,0.5
135,68,1
135,14,0.5
135,66,1
135,51,4
135,50,4
17,1,0.5
17,28,4
17,228,0.5
17,15,2
17,2,1.5
17,87,67
17,4,0.5
17,159,0.5
17,187,1
17,71,1
17,36,10
17,72,3
17,35,12
17,20,1
17,19,44
17,149,0.5
17,148,2
17,142,0.5
17,140,0.5
17,24,52
17,217,1
17,206,0.5
17,40,33
17,182,0.5
17,179,0.5
17,5,0.5
17,74,0.5
17,16,12
17,184,1
17,68,3.5
17,13,3
17,14,33
17,25,14
17,39,3
17,18,24
51,199,2
51,221,4.5
51,37,113
51,82,7
51,34,42
51,12,0.5
51,38,9
51,62,1.5
51,47,9
51,64,3
51,185,120
51,41,4
51,215,0.5
51,180,2.5
51,155,1.5
51,40,0.5
51,159,1.5
51,50,13
50,41,2
50,185,27
50,82,18
50,37,15
50,34,8
50,38,8
50,47,13
65,228,0.5
65,226,0.5
65,140,0.5
65,70,6
65,138,45
65,35,0.5
65,109,11
65,61,8
65,63,22
65,148,0.5
65,64,8
65,73,4
65,229,0.5
65,232,1
65,184,0.5
65,146,2.5
65,66,22
65,145,0.5
65,40,0.5
65,67,5
212,137,1
212,211,14
212,219,150
212,205,1
212,141,3
212,207,4
212,208,1
212,218,1
212,216,2
212,214,6
212,107,2.5
212,109,1
212,110,1.5
212,223,4
212,143,6
211,223,9
211,222,1
211,219,22
211,63,0.5
211,141,125
211,205,9
211,108,0.5
211,207,3
211,218,24
211,216,6
211,230,1
211,214,1
211,66,0.5
211,64,1
211,143,7
227,90,0.5
227,219,0.5
227,141,0.5
227,113,7
227,37,0.5
227,208,0.5
227,111,23
227,216,0.5
227,230,35
227,106,61
227,105,81
227,107,2
227,108,12
227,110,3
227,144,8.5
227,157,116
228,84,28.5
228,83,1.5
228,76,0.5
228,90,1
228,184,3
228,221,0.5
228,224,20
228,201,4
228,137,0.5
228,158,0.5
228,139,110
228,159,0.5
228,149,1
228,66,0.5
228,142,4
228,140,43
228,67,0.5
228,111,0.5
228,218,0.5
228,229,2
228,206,3
228,215,0.5
228,35,0.5
228,145,8
228,232,0.5
228,180,0.5
228,179,6
228,146,2
228,108,0.5
228,153,0.5
228,155,11
228,154,1.5
228,143,0.5
225,219,0.5
225,226,4
225,77,173
225,224,7
225,80,24
225,81,17
225,201,0.5
225,79,4
225,78,24
225,140,1
225,229,1
225,233,29
225,232,9
225,83,2
225,75,5
225,84,4
225,91,40
225,76,1
225,160,0.5
225,146,0.5
225,153,0.5
226,90,41
226,221,0.5
226,224,1
226,80,2
226,81,1
226,201,4
226,79,46
226,139,0.5
226,234,8
226,73,1
226,229,6
226,231,3
226,233,4
226,232,1
226,78,2
226,83,4
226,75,3
226,84,6
226,160,0.5
226,76,1
224,84,53
224,91,11
224,90,1
224,77,19
224,219,1.5
224,220,0.5
224,80,1
224,137,1
224,79,37
224,151,0.5
224,213,0.5
224,86,0.5
224,207,1.5
224,111,2
224,218,0.5
224,66,0.5
224,229,15
224,232,10
224,78,3
224,234,5
224,83,126
224,75,2
224,81,3
224,155,1
224,76,6
224,158,1
224,201,11.5
224,156,0.5
224,157,1
107,219,0.5
107,113,3
107,141,0.5
107,108,11
107,111,7
107,144,2
107,216,0.5
107,230,3
107,64,0.5
107,106,28
107,105,1
107,110,276
107,157,4
141,223,1
141,222,4
141,219,6
141,205,15
141,207,2
141,218,1
141,106,3
141,108,0.5
141,143,13
140,184,4
140,80,0.5
140,139,34
140,109,3
140,61,1
140,142,2
140,73,0.5
140,206,2
140,154,0.5
140,179,5
140,160,1
140,146,3
140,24,0.5
140,145,0.5
140,67,1
86,210,11
86,221,7
86,220,2
86,186,18
86,187,12
86,151,1
86,109,1.5
86,149,0.5
86,209,2
86,217,5
86,206,1.5
86,215,3
86,213,8
86,183,12
86,182,4
86,181,8
86,180,2
86,83,0.5
86,74,1
86,79,0.5
86,199,61
86,77,1
86,160,1
86,146,1
86,24,0.5
86,23,0.5
86,142,0.5
2,1,16
2,4,71
2,71,4
2,36,2.5
2,68,12
2,12,10
2,62,15
2,19,0.5
2,11,5
2,15,1
2,72,7
2,5,4
2,191,6
2,16,5
2,22,7
2,24,1.5
2,14,0.5
2,23,11
2,39,0.5
87,40,4
87,28,1
87,13,34
87,16,3
87,36,2
87,35,40
87,25,3
87,19,5
87,18,2
87,148,5
4,221,0.5
4,71,5
4,185,1
4,1,70
4,187,0.5
4,36,4.5
4,37,0.5
4,12,15
4,151,1
4,62,21
4,3,3
4,64,0.5
4,11,1
4,22,14
4,15,20
4,20,26
4,72,5
4,232,0.5
4,5,9
4,191,2
4,16,28
4,68,12
4,24,1
4,14,1
4,23,8
4,66,0.5
4,154,0.5
4,39,1
4,156,0.5
3,84,0.5
3,199,2
3,154,1.5
3,15,0.5
3,71,21
3,36,0.5
3,34,3.5
3,22,19
3,191,0.5
3,12,2
3,62,11
3,19,0.5
3,23,3
3,24,8.5
3,72,3
3,40,0.5
3,180,2.5
3,5,4
3,47,1
3,1,32
3,68,20
3,13,2
3,14,4
3,64,1
3,18,1.5
70,215,0.5
70,138,5
70,187,0.5
70,63,19
70,64,14
70,73,9
70,209,0.5
70,206,0.5
70,231,0.5
70,179,0.5
70,199,0.5
70,109,188
70,66,54
70,67,3
137,219,21
137,158,8
137,223,3
137,222,27
137,113,0.5
137,149,1.5
137,108,6.5
137,207,2
137,208,4
137,218,78
137,216,12
137,230,1
137,214,8
137,232,0.5
137,83,2.5
137,79,3.5
137,84,0.5
137,229,3.5
137,160,0.5
137,16,1
137,143,1
138,187,0.5
138,221,0.5
138,79,2
138,139,1.5
138,109,3
138,61,1
138,63,8
138,64,30
138,73,3
138,210,0.5
138,232,1
138,179,0.5
138,84,0.5
138,146,4
138,213,0.5
138,66,3
138,145,3
138,67,5
139,64,2.5
139,206,5
139,142,5
139,179,3
139,83,0.5
139,184,1
139,146,1
139,155,1
139,145,2.5
139,67,1
71,72,1
71,154,0.5
71,28,1
71,1,42
71,34,2.5
71,22,21
71,191,8
71,20,2
71,12,2
71,62,7
71,47,1.5
71,109,0.5
71,64,0.5
71,185,0.5
71,23,3
71,24,1.5
71,210,0.5
71,40,2.5
71,180,1
71,5,6
71,16,0.5
71,199,0.5
71,68,11
71,14,1
71,25,0.5
71,39,0.5
71,18,1
36,1,2
36,83,0.5
36,154,0.5
36,15,14
36,219,1.5
36,24,27
36,113,0.5
36,22,0.5
36,11,0.5
36,40,4
36,12,25
36,62,1
36,19,5
36,148,1
36,23,0.5
36,207,0.5
36,210,0.5
36,64,1.5
36,35,145
36,5,0.5
36,16,24
36,68,2.5
36,13,8
36,14,14
36,25,4
36,39,2
36,18,5
37,199,2.5
37,221,1
37,180,1
37,185,251
37,82,4
37,34,27
37,16,1.5
37,62,21
37,47,48
37,64,5.5
37,38,7
37,24,0.5
37,35,0.5
37,232,0.5
37,191,0.5
37,159,0.5
37,106,1
37,68,0.5
37,14,0.5
37,155,1
37,145,0.5
37,158,0.5
37,18,0.5
34,41,7
34,12,1
34,28,1
34,219,0.5
34,180,18
34,185,11
34,82,11
34,159,1
34,5,1
34,35,1
34,47,58
34,38,10
34,23,0.5
34,210,3
34,232,0.5
34,154,1.5
34,1,1.5
34,199,6
34,16,1
34,66,0.5
34,153,0.5
34,40,1
34,39,0.5
34,18,1
35,154,0.5
35,28,1
35,221,1
35,15,8
35,16,11
35,12,2.5
35,61,0.5
35,62,1.5
35,19,69
35,148,13
35,38,0.5
35,23,2
35,24,33
35,207,1
35,218,0.5
35,72,0.5
35,215,3.5
35,40,3
35,180,4.5
35,1,2
35,199,0.5
35,68,4
35,13,72
35,14,2
35,25,6
35,39,1
35,18,4
38,41,80
38,185,27
38,82,4
38,68,0.5
38,11,0.5
38,47,15
38,24,0.5
38,22,0.5
38,23,0.5
38,39,1
38,18,0.5
159,84,1
159,91,0.5
159,158,21
159,219,1
159,151,2
159,150,2.5
159,149,16
159,79,38
159,156,7
159,207,0.5
159,217,0.5
159,229,2.5
159,108,0.5
159,145,0.5
159,232,26.5
159,66,0.5
159,180,0.5
159,83,0.5
159,160,3
159,16,0.5
159,154,13
159,157,0.5
78,80,17
78,81,2
78,201,2.5
78,84,1
78,91,1
78,76,1
78,234,1
78,229,5
78,231,1
78,67,0.5
78,233,76
78,232,1
66,221,1
66,79,1
66,113,0.5
66,16,0.5
66,12,1
66,151,0.5
66,109,21
66,63,2
66,64,3
66,47,1
66,15,1
66,218,1
66,155,1
66,215,10.5
66,108,0.5
66,180,0.5
66,199,1
66,210,3.5
66,62,2.5
66,106,0.5
66,68,0.5
66,41,0.5
66,24,0.5
66,213,0.5
66,67,4
66,154,1
66,73,9
79,84,202
79,186,1
79,219,3
79,64,0.5
79,80,6
79,90,7
79,12,0.5
79,77,6
79,151,1
79,149,4
79,183,0.5
79,207,0.5
79,111,0.5
79,218,0.5
79,210,0.5
79,229,28
79,231,16
79,230,1
79,233,1
79,232,76
79,234,1
79,83,8
79,75,3
79,91,21
79,146,3
79,14,0.5
79,81,2
79,76,3
79,158,1
79,201,7.5
79,143,0.5
182,217,3
182,221,5
182,220,9
182,186,6
182,187,36
182,209,5
182,210,4
182,215,1
182,213,23
182,181,2
182,180,10
182,199,5
182,142,1
182,74,10
182,155,0.5
182,154,0.5
182,18,0.5
207,219,17
207,90,66.5
207,223,4
207,41,1
207,205,4
207,208,1
207,218,214
207,216,10
207,230,0.5
207,214,1
207,143,44
207,83,37
207,222,19
207,76,1
207,229,10.5
207,14,0.5
207,154,0.5
207,158,1
207,157,0.5
20,210,0.5
20,1,4
20,68,2
20,12,3
20,11,1
20,62,6
20,72,2
20,5,1
20,16,0.5
20,22,3
20,24,0.5
20,23,1
20,39,0.5
20,18,0.5
208,218,2
208,105,0.5
208,214,82
208,219,1
208,216,9
208,143,15
209,217,17
209,221,14
209,220,9
209,186,11
209,187,47
209,63,1
209,210,17
209,215,1
209,213,36
209,183,2
209,181,3
209,180,6
209,74,5
209,84,0.5
209,199,4
209,18,0.5
72,1,6
72,68,19
72,12,2
72,62,3
72,11,4
72,24,1.5
72,230,0.5
72,191,3.5
72,106,0.5
72,22,28
72,13,9.5
72,14,9.5
72,23,16
72,144,0.5
72,39,1.5
72,18,1.5
229,219,4
229,84,23
229,91,5
229,77,2
229,80,6
229,187,0.5
229,113,32.5
229,90,2
229,205,0.5
229,150,0.5
229,149,1
229,108,1.5
229,111,1
229,218,2
229,144,0.5
229,231,4
229,230,1
229,214,0.5
229,233,6
229,232,42
229,234,5
229,83,54
229,75,1
229,76,6
229,160,0.5
229,16,0.5
229,81,21
229,154,27
229,158,1
229,201,2.5
229,157,2
231,220,0.5
231,142,0.5
231,80,2
231,81,2
231,151,1
231,149,0.5
231,110,0.5
231,234,20
231,215,0.5
231,233,1
231,232,1
231,154,0.5
231,83,6
231,75,3
231,91,1
231,90,1
231,184,1.5
231,77,5
231,213,0.5
231,155,0.5
231,76,2
231,201,2.5
231,156,0.5
231,67,0.5
230,84,1
230,154,2.5
230,216,0.5
230,223,1
230,219,3.5
230,206,1
230,158,1
230,144,12
230,22,0.5
230,151,2.5
230,149,3
230,105,22
230,111,23
230,143,3
230,108,10
230,232,0.5
230,64,0.5
230,90,1
230,106,108
230,68,0.5
230,156,7.5
230,110,2
230,157,32
233,206,0.5
233,81,3
233,75,3
233,91,1
233,234,7
233,80,9
233,146,0.5
233,221,1
233,201,2.5
233,232,3
232,219,2
232,83,10
232,76,2
232,64,0.5
232,77,1
232,111,0.5
232,113,1
232,90,1
232,47,1.5
232,149,2
232,206,1
232,108,1
232,234,31
232,73,0.5
232,80,1
232,218,1.5
232,144,0.5
232,214,0.5
232,210,0.5
232,81,6
232,84,34
232,91,13
232,160,0.5
232,16,0.5
232,146,0.5
232,154,0.5
232,158,0.5
232,201,7
232,156,0.5
28,12,0.5
28,61,0.5
28,19,3
28,148,1
28,24,1
28,25,10
28,5,1
28,1,0.5
28,13,2
28,14,1
28,15,1
28,40,7
28,39,1
28,18,10
108,1,0.5
108,154,0.5
108,158,8
108,156,0.5
108,219,14
108,185,0.5
108,64,1
108,113,11
108,151,1.5
108,149,10
108,205,0.5
108,111,50
108,218,0.5
108,144,13.5
108,83,0.5
108,84,3
108,76,0.5
108,106,4
108,105,4
108,160,0.5
108,22,0.5
108,24,0.5
108,110,3
108,157,21
5,1,19
5,22,4
5,191,12.5
5,12,9
5,62,2
5,19,0.5
5,24,0.5
5,15,0.5
5,47,1.5
5,68,2
5,13,0.5
5,23,7
5,40,0.5
83,219,1
83,154,1.5
83,184,2
83,77,10
83,215,0.5
83,113,2.5
83,111,0.5
83,187,0.5
83,151,0.5
83,201,8.5
83,213,0.5
83,142,0.5
83,91,12
83,143,1
83,155,1.5
83,218,12
83,217,0.5
83,234,18
83,75,2
83,84,103
83,90,31
83,81,3
83,76,4
83,156,0.5
83,15,0.5
19,15,19
19,179,0.5
19,148,77
19,13,6
19,24,3
19,40,91
19,82,0.5
19,16,1
19,14,3
19,25,11
84,91,3
84,219,12
84,90,1
84,184,0.5
84,146,1.5
84,143,1
84,77,8
84,151,1.5
84,213,0.5
84,47,1
84,149,2.5
84,218,1
84,215,1
84,153,0.5
84,1,1
84,154,1
84,81,1
84,111,0.5
84,76,5
84,201,6.5
84,157,2.5
16,1,0.5
16,23,0.5
16,210,0.5
16,221,1
16,219,1
16,185,2.5
16,187,0.5
16,22,3
16,11,0.5
16,62,18.5
16,149,1
16,148,1
16,12,2.5
16,24,15
16,218,0.5
16,215,1
16,40,3
16,15,135
16,68,3.5
16,13,7
16,14,21
16,155,0.5
16,25,3
16,39,2
16,18,4
146,91,0.5
146,184,27
146,142,2
146,187,0.5
146,61,2.5
146,64,0.5
146,73,1
146,206,19
146,179,10
146,109,3
146,155,2
146,145,3
146,40,0.5
13,1,0.5
13,12,0.5
13,61,0.5
13,62,5
13,148,2
13,73,0.5
13,67,0.5
13,191,0.5
13,22,0.5
13,24,6
13,14,16
13,15,4
13,40,1
13,18,7
13,25,1
14,1,4
14,154,0.5
14,15,6
14,22,18
14,12,1.5
14,62,0.5
14,148,2
14,11,1
14,24,112
14,191,1.5
14,40,3
14,47,0.5
14,90,0.5
14,68,26
14,25,4
14,39,6
14,18,26
15,22,1
15,151,0.5
15,12,1.5
15,62,4.5
15,148,4
15,24,4
15,215,0.5
15,40,13
15,47,0.5
15,68,1
15,25,4
15,39,1
15,18,11
67,1,0.5
67,81,0.5
67,61,48
67,63,48
67,148,0.5
67,64,90
67,142,0.5
67,106,0.5
67,73,2
67,206,3.5
67,184,0.5
67,109,39
144,216,0.5
144,150,2
144,113,1.5
144,191,1
144,156,0.5
144,111,34.5
144,106,6
144,105,11.5
144,160,5.5
144,110,1.5
144,157,11.5
145,185,0.5
145,201,3
145,184,4.5
145,61,2
145,150,2
145,23,1
145,73,4.5
145,210,0.5
145,179,6.5
145,74,0.5
145,155,3.5
40,1,2
40,181,0.5
40,22,2.5
40,148,33
40,142,0.5
40,24,3
40,47,0.5
40,68,2
40,25,17
40,39,3
40,18,12
39,22,1
39,1,5.5
39,12,3
39,62,0.5
39,11,0.5
39,191,0.5
39,68,5
39,24,8
39,23,0.5
39,25,8
39,18,3
142,77,4
142,186,0.5
142,187,0.5
142,61,0.5
142,234,2
142,206,2
142,154,0.5
142,179,8
142,184,29
142,155,30
142,156,0.5
143,41,4
143,149,1.5
143,221,0.5
143,222,2
143,219,7
143,111,0.5
143,90,2.5
143,151,1.5
143,205,5
143,158,1
143,218,37
143,155,0.5
143,216,100
143,215,1
143,214,23
143,223,30
143,105,0.5
143,76,2.5
143,156,2
143,157,1
1,210,0.5
1,154,0.5
1,22,55
1,191,9
1,12,35
1,62,10
1,47,3
1,11,2
1,24,4.5
1,215,0.5
1,68,26
1,23,4
1,18,6.5
199,183,4
199,210,66
199,187,4
199,221,4
199,219,1
199,220,13
199,185,1
199,186,3
199,61,0.5
199,213,15
199,47,16
199,206,0.5
199,180,56
199,217,8
199,181,37
199,74,2
199,68,1
199,41,0.5
199,155,0.5
199,153,0.5
199,64,6
18,186,0.5
18,22,8.5
18,12,1.5
18,62,1
18,11,1
18,220,0.5
18,24,52
18,218,0.5
18,215,0.5
18,64,1
18,68,13.5
18,25,6
90,219,1
90,77,7
90,80,8
90,113,3.5
90,151,4
90,218,69.5
90,210,0.5
90,154,1
90,75,9
90,91,1
90,76,8
90,184,0.5
90,158,0.5
90,201,0.5
90,156,0.5
90,157,1
223,219,135
223,205,2
223,218,5
223,216,8
223,214,3
223,109,0.5
223,111,0.5
221,187,28
221,201,0.5
221,186,29
221,109,0.5
221,62,1.5
221,24,1
221,183,27
221,185,1
221,210,1
221,215,10
221,213,21
221,180,7
221,179,0.5
221,74,3
221,68,0.5
222,219,12
222,41,2
222,218,1
222,216,11
222,214,23
222,157,0.5
219,205,9
219,201,40.5
219,210,0.5
219,41,0.5
219,185,0.5
219,113,1.5
219,151,16
219,149,1.5
219,64,1
219,218,19
219,216,9
219,214,5
219,76,1.5
219,106,1
219,111,1
219,154,0.5
219,158,1.5
219,157,28
41,185,5
41,12,0.5
41,47,9
41,111,0.5
41,210,1
41,215,8.5
41,180,0.5
220,217,32
220,215,5
220,201,1
220,186,5
220,187,10
220,210,4
220,213,7
220,183,1
220,181,1
220,180,10
220,74,114
220,68,0.5
220,24,1
185,82,40
185,62,6.5
185,47,32
185,64,6.5
185,155,1.5
185,157,1
82,47,5
80,201,1
80,91,1
80,76,1
80,77,249
81,201,5.5
81,234,9
81,75,17
81,91,1
81,155,0.5
81,76,4
186,217,3
186,187,6
186,234,0.5
186,210,5
186,215,12
186,213,10
186,183,4
186,154,0.5
186,181,1
186,180,7
186,74,2
186,25,0.5
186,158,0.5
187,149,0.5
187,151,1
187,217,5
187,215,4
187,213,7
187,183,5
187,210,5
187,181,2
187,180,2
187,73,1
187,74,3
187,23,1
113,154,29
113,216,1
113,111,8
113,218,2.5
113,106,2
113,105,11
113,110,3
113,157,2
91,76,1
91,201,5
91,109,0.5
91,149,1
91,183,0.5
91,75,1
91,77,20
91,156,0.5
22,12,8
22,62,5
22,24,19.5
22,11,4
22,191,3
22,184,0.5
22,68,94
22,23,3
22,25,1
12,23,81
12,154,0.5
12,111,0.5
12,62,7
12,47,0.5
12,158,0.5
12,11,4
12,24,0.5
12,218,0.5
12,215,3
12,191,12
12,68,10
12,64,0.5
11,68,11
11,62,2
11,191,1
11,24,1
11,23,4
191,68,7.5
191,62,7.5
191,23,12
151,154,37
151,158,8
151,215,0.5
151,150,0.5
151,149,15
151,73,0.5
151,111,11.5
151,218,3
151,213,1
151,180,1
151,184,0.5
151,160,66
151,155,0.5
151,109,0.5
151,153,39
151,76,0.5
151,156,1
151,157,10
61,109,50
61,149,0.5
61,64,63
61,73,1
61,206,1.5
61,215,0.5
61,179,2.5
61,106,0.5
61,155,0.5
61,154,0.5
62,23,2
62,76,0.5
62,24,0.5
62,156,0.5
62,218,0.5
62,180,0.5
62,74,0.5
62,68,9
62,64,6
62,157,0.5
150,149,2
150,153,3
150,160,1
150,154,4.5
150,156,0.5
149,154,19
149,215,0.5
149,158,86
149,47,0.5
149,111,1
149,153,4
149,74,0.5
149,160,5
149,109,0.5
149,24,0.5
149,156,25
149,157,0.5
148,24,1
148,179,1
148,25,9
64,63,17
64,109,13
64,206,2
64,24,1
64,73,16
64,111,0.5
64,218,0.5
64,210,4.5
64,179,0.5
64,68,1.5
64,155,4.5
64,154,0.5
64,157,0.5
205,218,14
205,216,2
47,210,17
47,180,7
47,216,0.5
47,155,0.5
47,157,0.5
206,184,1
206,109,3.5
206,179,45
206,160,1
206,154,0.5
23,24,0.5
23,213,0.5
23,68,16
111,154,9.5
111,218,1
111,106,11
111,105,68
111,68,0.5
111,110,2
111,157,20
218,76,0.5
218,216,10
218,210,0.5
218,214,2
218,154,1
218,153,0.5
218,158,2
218,157,2
217,63,0.5
217,210,12
217,213,3
217,183,1
217,181,1
217,180,18
217,74,8
216,201,1
216,214,5
215,183,1
215,180,1
215,210,3
215,213,2
215,74,1
215,68,1.5
215,155,0.5
215,154,0.5
214,201,2
214,76,0.5
213,210,8
213,234,0.5
213,183,76
213,181,2
213,180,5
213,184,0.5
213,77,0.5
213,74,3
183,210,1
183,181,3
183,74,1
183,184,0.5
234,180,0.5
234,201,4.5
234,75,4
234,76,2
234,184,2.5
234,77,4
234,155,1
210,180,22
210,181,6
210,184,0.5
210,157,0.5
154,73,1.5
154,155,0.5
154,180,2
154,74,0.5
154,184,1
154,160,5
154,68,0.5
154,153,6
154,158,15
154,156,2
181,180,175
181,74,1
180,74,9
180,201,0.5
179,63,1
179,184,1
179,109,1
179,73,0.5
179,24,0.5
179,155,2
73,109,3
73,63,1
73,24,0.5
74,77,0.5
74,24,0.5
75,158,0.5
75,201,0.5
75,77,2
75,76,15
76,77,1
76,201,10.5
76,156,7
184,77,10.5
184,109,0.5
184,155,31
77,201,1.5
77,155,1.5
106,25,1
106,105,7
106,110,22
106,155,0.5
106,157,110
105,157,14
105,109,0.5
105,110,4
160,153,92
160,109,1.5
160,158,1
160,156,6
160,157,0.5
68,158,0.5
68,24,18.5
68,156,0.5
68,25,0.5
109,63,1
24,155,0.5
24,25,10
24,157,0.5
110,157,3
155,201,2
155,157,0.5
153,158,24
153,156,7
158,156,1
156,157,3.5
